puntualidad,planificacion,dominio_contenido,participacion,evaluacion,retroalimentacion,uso_tecnologia,gestion_aula,comunicacion,empatia,asistencia,innovacion,nivel_desempeno,codigo_clase,score_global
74.75,92.79,40.93,25.94,74.03,21.94,27.13,87.48,43.45,23.15,43.17,16.09,Regular,2,47.57
78.99,84.79,89.65,85.36,81.34,76.31,86.34,87.76,82.93,78.85,89.34,100.0,Sobresaliente,0,85.14
41.38,83.76,88.35,32.32,87.86,82.67,98.59,96.34,83.78,29.33,100.0,80.11,Bueno,1,75.37
83.66,27.58,85.91,80.68,37.48,91.21,27.7,89.64,78.64,37.63,92.0,81.74,Bueno,1,67.82
26.94,45.93,89.87,30.3,93.75,37.89,90.97,73.68,29.79,31.45,9.21,15.91,Insuficiente,3,47.98
90.22,84.38,93.22,66.92,90.07,76.73,92.67,83.17,35.74,87.99,77.71,77.7,Sobresaliente,0,79.71
71.87,82.64,70.19,31.72,88.29,51.15,24.61,98.82,93.77,28.84,10.67,39.86,Regular,2,57.7
88.41,97.5,19.33,75.86,82.0,79.76,90.55,42.14,98.92,31.24,91.16,81.91,Bueno,1,73.23
83.16,91.46,84.3,35.62,84.57,26.9,35.17,79.27,94.28,32.26,19.79,46.32,Regular,2,59.43
31.71,93.99,94.67,95.79,88.53,84.0,72.17,90.75,92.33,21.14,92.06,95.92,Bueno,1,79.42
74.26,35.42,89.8,82.09,75.74,93.34,98.84,77.53,82.61,26.61,29.87,100.0,Sobresaliente,0,72.18
80.04,99.82,77.1,86.4,79.93,23.71,24.16,81.52,75.39,24.96,12.43,35.55,Regular,2,58.42
76.77,92.77,86.28,76.92,78.9,92.64,82.05,85.37,90.24,37.83,72.79,90.1,Bueno,1,80.22
0.13,22.98,90.28,44.5,22.0,32.38,29.76,33.98,26.37,39.26,40.05,16.77,Insuficiente,3,33.2
86.11,92.65,87.79,45.59,85.91,100.0,24.2,93.34,82.18,89.91,43.77,25.57,Regular,2,71.42
17.62,22.66,96.92,34.91,29.38,26.79,14.85,36.13,88.51,68.57,30.28,37.91,Insuficiente,3,42.04
84.22,31.53,84.41,89.86,84.67,92.56,94.07,87.34,87.21,14.26,87.36,75.69,Bueno,1,76.1
92.64,84.26,78.88,83.19,88.78,90.94,87.3,92.94,80.54,86.88,72.45,91.11,Sobresaliente,0,85.82
32.08,44.04,94.24,39.1,85.05,24.09,92.43,89.73,81.31,42.99,29.07,24.65,Insuficiente,3,56.57
40.44,80.76,77.74,35.7,44.43,25.47,20.29,50.95,30.21,44.82,23.37,33.79,Insuficiente,3,42.33
84.53,92.39,95.04,76.1,82.23,73.84,86.1,84.19,82.21,79.52,81.91,79.03,Sobresaliente,0,83.09
81.58,83.51,81.44,74.24,97.04,66.42,79.93,89.63,73.99,18.2,95.18,78.28,Bueno,1,76.62
22.38,19.78,91.98,52.37,29.1,30.55,15.85,29.32,33.7,29.11,36.11,21.52,Insuficiente,3,34.31
22.47,19.9,86.54,33.34,27.95,31.04,39.84,30.99,46.06,27.46,22.22,28.93,Insuficiente,3,34.73
89.04,87.85,41.42,83.98,82.54,91.07,76.33,95.73,85.27,79.01,16.62,79.58,Sobresaliente,0,75.7
43.18,23.15,84.57,27.52,88.56,31.9,28.2,76.22,84.68,35.07,43.97,80.47,Regular,2,53.96
90.65,33.69,87.06,33.49,80.07,29.66,26.54,78.69,29.56,16.81,26.81,29.49,Regular,2,46.88
71.33,94.24,21.91,93.67,85.41,91.5,96.56,80.37,85.38,18.15,32.46,71.95,Bueno,1,70.24
80.08,74.4,28.49,5.89,93.99,29.48,31.78,81.89,87.02,78.65,25.49,25.66,Regular,2,53.57
77.33,93.22,85.12,86.43,88.62,84.83,81.97,88.73,81.76,7.47,79.66,73.08,Bueno,1,77.35
86.03,85.38,90.63,31.41,73.78,32.24,42.78,93.83,83.78,34.51,83.72,14.87,Regular,2,62.75
79.18,77.42,83.1,80.61,86.87,20.23,74.1,85.54,74.26,80.07,32.36,68.4,Sobresaliente,0,70.18
93.43,86.1,88.26,35.89,27.15,26.27,37.79,21.71,90.49,36.29,29.38,26.99,Regular,2,49.98
30.23,16.19,19.73,22.83,25.8,79.83,23.28,35.74,38.66,30.34,8.75,86.69,Insuficiente,3,34.84
96.83,100.0,92.85,93.11,73.73,84.05,78.5,80.3,92.74,78.57,83.96,69.73,Sobresaliente,0,85.36
18.77,30.21,90.78,40.74,38.26,37.96,41.82,28.23,36.81,89.79,22.49,16.38,Insuficiente,3,41.02
87.13,93.13,21.05,80.83,91.5,83.07,84.5,84.32,84.99,43.29,85.99,83.77,Sobresaliente,0,76.96
18.26,89.2,85.16,27.93,89.97,74.99,95.01,85.45,12.79,49.55,38.24,19.83,Regular,2,57.2
74.62,81.96,73.05,36.48,81.21,21.17,23.66,83.31,77.9,29.92,32.82,30.0,Regular,2,53.84
76.73,84.05,79.51,96.63,87.53,27.72,81.8,68.91,78.83,76.07,87.96,85.77,Sobresaliente,0,77.63
84.64,96.27,80.36,85.11,81.91,87.92,86.75,78.34,82.93,17.82,93.36,92.0,Bueno,1,80.62
83.66,90.51,67.94,81.72,71.66,86.14,84.85,78.7,92.26,12.12,80.65,80.73,Bueno,1,75.91
86.4,86.29,83.61,39.11,77.32,8.75,32.26,38.46,86.55,36.52,24.47,78.19,Regular,2,56.5
25.08,50.81,86.72,24.61,49.69,53.85,30.38,28.13,19.27,83.0,31.73,21.54,Insuficiente,3,42.07
72.49,30.04,88.8,87.88,92.14,95.41,88.97,84.84,19.69,34.91,34.17,27.8,Bueno,1,63.1
20.23,34.82,84.28,77.04,40.91,19.43,24.8,46.12,19.63,23.26,32.09,26.77,Insuficiente,3,37.45
81.44,82.82,22.55,99.78,92.25,77.24,81.99,79.0,84.78,25.86,44.69,70.02,Bueno,1,70.2
87.39,93.94,88.61,4.54,78.95,44.47,5.49,82.42,83.38,25.07,74.72,11.07,Regular,2,56.67
25.95,82.63,92.05,82.19,78.66,82.87,73.96,18.82,100.0,94.16,76.13,78.01,Sobresaliente,0,73.79
11.07,73.39,100.0,94.47,90.95,82.07,84.27,45.02,88.37,71.23,91.07,100.0,Sobresaliente,0,77.66
29.34,87.9,28.4,91.77,71.03,24.57,78.24,91.23,23.74,72.71,94.99,96.53,Sobresaliente,0,65.87
79.87,89.41,79.2,84.69,92.83,100.0,76.94,81.28,28.14,91.27,75.82,81.13,Sobresaliente,0,80.05
71.9,81.69,70.53,77.72,82.74,85.23,85.71,84.16,100.0,44.26,75.49,80.37,Bueno,1,78.32
90.89,44.47,18.08,34.87,14.54,40.42,29.68,27.41,42.18,87.61,81.81,38.9,Insuficiente,3,45.9
35.01,81.7,24.13,27.61,72.68,28.6,29.23,81.17,78.17,14.98,17.24,20.73,Regular,2,42.6
87.02,92.13,87.25,39.31,93.25,36.64,16.74,91.66,85.49,37.55,30.29,41.09,Regular,2,61.54
82.22,84.64,90.55,26.57,95.05,49.47,78.32,71.16,92.18,38.14,22.93,28.32,Regular,2,63.3
82.17,72.52,26.98,86.37,92.87,68.9,71.76,67.86,77.99,28.57,89.53,84.73,Bueno,1,70.85
31.54,49.34,85.45,27.28,21.91,33.46,17.3,34.39,37.52,22.18,21.44,15.04,Insuficiente,3,33.07
87.46,87.93,84.86,100.0,89.22,48.25,86.14,83.46,92.73,93.81,74.59,93.44,Sobresaliente,0,85.16
80.26,87.46,69.55,90.76,90.96,83.65,73.94,85.04,80.7,20.85,84.32,90.83,Bueno,1,78.19
26.94,37.95,17.59,91.09,91.57,25.36,39.9,100.0,98.72,85.41,37.76,26.93,Insuficiente,3,56.6
26.28,21.32,38.64,31.6,31.39,34.55,36.73,81.21,81.47,46.73,83.61,22.62,Insuficiente,3,44.68
36.97,24.33,63.26,22.03,25.16,30.05,29.12,41.22,28.94,48.36,40.55,25.06,Insuficiente,3,34.59
84.93,86.39,84.59,76.98,30.7,23.96,86.54,79.29,76.51,86.9,89.2,70.91,Sobresaliente,0,73.08
22.47,33.48,76.22,38.07,34.14,26.42,17.26,28.43,23.89,37.07,28.6,96.64,Insuficiente,3,38.56
26.34,29.69,87.61,22.0,31.46,22.12,23.57,20.99,27.64,24.34,33.56,32.17,Insuficiente,3,31.79
91.9,82.96,100.0,71.58,89.45,89.1,54.45,75.83,75.65,39.72,52.61,41.36,Regular,2,72.05
38.07,22.56,91.08,36.85,21.5,18.16,22.09,44.95,31.6,39.58,32.95,31.19,Insuficiente,3,35.88
81.96,30.91,96.38,26.79,89.4,13.65,34.11,85.94,88.67,83.15,30.78,32.7,Regular,2,57.87
39.67,24.08,88.69,37.1,19.0,28.0,27.74,27.28,23.27,17.79,34.34,32.51,Insuficiente,3,33.29
94.68,86.22,89.26,84.61,81.95,77.67,38.28,82.6,18.62,30.14,88.9,91.96,Bueno,1,72.07
91.59,27.49,82.41,81.04,79.6,75.72,22.39,72.36,21.58,30.61,100.0,98.24,Bueno,1,65.25
86.5,89.03,82.15,20.03,86.48,41.86,8.86,80.93,89.24,14.61,28.07,15.83,Regular,2,53.63
81.33,27.86,32.0,45.71,33.64,40.43,18.56,18.98,25.47,47.14,17.21,14.84,Insuficiente,3,33.6
76.01,89.22,75.33,19.75,85.59,29.86,27.47,79.84,39.84,18.79,33.0,29.99,Regular,2,50.39
72.0,73.68,71.51,90.81,78.88,85.5,55.69,85.73,96.21,79.52,82.27,78.55,Sobresaliente,0,79.2
32.92,31.21,87.22,21.97,26.94,34.3,38.97,0.0,35.65,40.18,41.91,33.48,Insuficiente,3,35.4
75.95,80.78,97.51,82.35,80.32,95.8,88.7,85.35,80.14,72.58,75.64,81.16,Sobresaliente,0,83.02
79.36,92.85,29.72,91.85,80.67,80.96,75.78,89.62,92.5,100.0,95.32,87.0,Sobresaliente,0,82.97
45.7,83.46,84.9,47.98,91.04,24.83,31.59,76.67,79.55,5.02,19.9,44.57,Regular,2,52.93
92.26,64.77,82.25,71.72,81.55,91.77,79.96,37.73,78.24,100.0,23.29,94.02,Sobresaliente,0,74.8
73.36,28.91,100.0,76.56,71.5,87.2,89.77,88.71,76.04,92.98,78.72,16.1,Sobresaliente,0,73.32
91.77,90.73,26.91,88.18,86.86,26.83,92.92,80.9,98.89,84.15,92.88,84.28,Sobresaliente,0,78.78
83.44,81.06,97.8,27.15,96.48,86.69,86.71,82.93,87.19,26.81,36.39,27.77,Regular,2,68.37
19.94,24.68,30.42,39.56,18.77,38.29,35.8,21.36,35.39,22.36,29.58,26.74,Insuficiente,3,28.57
92.35,93.5,88.67,86.75,81.66,81.82,40.82,79.31,94.82,33.08,78.01,95.38,Bueno,1,78.85
41.82,36.81,81.9,17.13,22.11,25.9,27.84,22.65,40.66,39.21,27.42,25.23,Insuficiente,3,34.06
26.63,79.9,81.02,72.33,85.25,74.76,75.32,92.33,34.79,48.29,90.03,91.51,Sobresaliente,0,71.01
21.21,27.73,78.44,31.86,50.0,36.44,35.77,25.07,37.7,36.78,36.57,28.78,Insuficiente,3,37.2
84.13,94.6,78.7,88.28,85.46,39.26,83.23,72.51,80.74,18.26,100.0,97.12,Bueno,1,76.86
22.75,14.83,66.04,92.57,78.59,33.93,31.49,24.2,48.18,31.9,84.87,15.7,Insuficiente,3,45.42
75.46,77.92,16.65,15.9,99.3,33.09,21.19,89.15,83.46,86.59,15.22,47.97,Regular,2,55.16
13.3,33.12,83.68,37.32,29.69,41.71,34.46,39.18,33.79,30.36,22.8,4.94,Insuficiente,3,33.69
73.93,29.0,87.48,92.26,85.27,79.44,81.09,76.38,77.04,44.77,80.73,93.45,Bueno,1,75.07
95.26,79.5,73.49,44.55,95.06,45.58,18.32,82.49,30.9,83.9,87.9,27.32,Regular,2,63.69
86.43,87.42,86.6,78.74,68.17,79.63,68.79,85.54,85.04,71.6,90.51,91.93,Sobresaliente,0,81.7
29.13,3.75,79.36,26.92,29.31,36.07,17.63,35.91,26.93,24.93,28.58,39.85,Insuficiente,3,31.53
92.51,82.05,70.35,82.74,76.01,90.82,78.81,99.86,86.75,42.51,81.58,76.88,Bueno,1,80.07
18.92,76.77,91.75,72.29,81.48,94.43,78.56,85.54,81.17,39.89,87.46,88.46,Bueno,1,74.73
12.78,48.58,20.36,14.85,41.27,15.54,37.54,39.39,32.69,39.71,85.19,74.44,Insuficiente,3,38.53
89.77,93.07,93.81,84.83,74.14,73.92,95.8,90.68,85.82,81.52,85.25,85.2,Sobresaliente,0,86.15
90.88,71.99,75.36,73.48,76.11,92.03,74.33,75.79,77.39,43.43,82.28,91.9,Bueno,1,77.08
39.3,37.94,15.78,81.58,30.42,32.22,21.75,25.35,87.17,30.52,27.63,47.25,Insuficiente,3,39.74
90.27,96.34,80.02,77.77,96.61,35.02,100.0,85.41,77.93,36.95,27.62,24.79,Sobresaliente,0,69.06
87.12,75.81,75.34,20.56,79.86,68.77,35.41,79.3,57.7,26.76,17.79,88.13,Regular,2,59.38
94.29,87.46,91.25,88.96,90.83,86.17,78.37,83.21,84.41,29.49,98.01,88.36,Bueno,1,83.4
72.89,89.3,94.36,93.08,86.87,72.54,92.54,83.82,64.74,88.02,73.06,33.96,Sobresaliente,0,78.76
91.73,81.42,98.43,85.23,87.6,29.11,12.21,86.73,85.57,36.17,24.14,24.23,Regular,2,61.88
34.21,25.39,71.0,30.93,96.36,26.26,15.52,86.79,94.49,18.29,42.22,51.88,Regular,2,49.44
19.04,30.0,71.21,12.88,29.89,29.57,38.25,92.76,20.08,24.03,5.58,19.03,Insuficiente,3,32.69
73.69,84.28,78.2,92.61,84.76,98.33,90.88,91.68,30.61,86.67,90.23,92.38,Sobresaliente,0,82.86
82.5,88.32,80.42,67.89,82.74,91.02,97.64,67.47,100.0,75.98,92.66,94.87,Sobresaliente,0,85.13
81.45,94.33,90.22,84.81,90.35,82.28,93.42,84.96,89.67,74.67,87.77,71.49,Sobresaliente,0,85.45
75.67,95.68,92.97,80.41,91.65,79.12,94.01,83.26,78.58,82.02,78.87,86.54,Sobresaliente,0,84.9
84.38,81.43,89.95,24.33,94.52,86.9,30.94,83.59,73.31,92.93,38.3,26.27,Regular,2,67.24
89.19,81.47,74.6,50.89,100.0,80.71,84.85,79.74,86.16,30.18,81.79,75.39,Bueno,1,76.25
28.91,41.34,74.63,33.74,27.01,26.2,16.03,39.9,31.71,24.17,32.08,25.85,Insuficiente,3,33.46
87.83,79.98,69.25,90.99,36.61,76.57,73.94,86.54,78.14,34.19,82.42,93.15,Bueno,1,74.14
97.09,92.61,86.44,29.87,93.01,17.49,38.58,81.24,35.04,31.89,25.6,24.97,Regular,2,54.49
88.04,49.02,24.15,49.9,85.6,36.06,92.61,76.69,87.28,81.02,78.22,41.84,Sobresaliente,0,65.87
22.34,36.38,90.83,29.73,22.21,38.77,54.77,21.58,14.38,22.0,88.6,17.14,Insuficiente,3,38.23
85.33,71.29,12.21,19.88,100.0,94.57,41.32,28.0,32.19,41.58,42.59,78.72,Bueno,1,53.97
89.06,72.7,84.54,36.05,81.3,38.68,34.02,84.48,77.67,40.33,24.37,23.63,Regular,2,57.24
90.85,87.2,91.28,19.96,86.56,38.71,48.47,87.21,73.54,22.49,27.38,33.28,Regular,2,58.91
84.56,87.47,28.75,82.08,80.2,78.09,66.96,82.32,92.18,88.05,80.19,84.88,Sobresaliente,0,77.98
85.77,86.32,86.78,32.04,90.94,79.76,25.73,39.33,80.66,24.11,30.93,22.22,Regular,2,57.05
39.92,37.84,75.98,25.86,10.95,23.02,34.78,18.89,43.82,44.64,26.23,39.42,Insuficiente,3,35.11
32.52,89.95,85.6,84.58,82.41,82.97,93.83,90.31,77.56,98.01,75.16,90.85,Bueno,1,81.98
82.41,97.1,88.87,81.39,91.37,78.81,77.52,24.0,87.07,30.18,84.38,81.72,Sobresaliente,0,75.4
43.09,28.82,93.7,27.05,30.81,40.39,40.55,39.7,27.67,36.58,15.26,43.19,Insuficiente,3,38.9
93.67,91.79,75.52,81.74,80.62,81.68,76.01,88.48,86.83,25.52,80.95,95.33,Bueno,1,79.85
81.04,88.11,83.69,80.66,81.79,90.51,93.13,92.69,91.04,26.06,77.45,82.95,Bueno,1,80.76
88.13,36.39,87.89,83.54,78.45,88.47,81.76,72.44,40.03,99.15,72.88,86.78,Sobresaliente,0,76.33
87.44,97.52,32.53,68.65,88.0,81.9,84.1,93.41,88.76,82.89,92.14,88.48,Bueno,1,82.15
90.46,83.9,90.94,90.71,19.3,37.77,88.58,91.99,95.88,34.51,84.24,90.41,Bueno,1,74.89
29.08,81.01,78.4,27.86,34.22,39.34,9.97,33.28,37.39,18.0,49.04,22.78,Insuficiente,3,38.36
77.47,78.47,14.23,18.81,18.51,77.47,100.0,89.51,100.0,31.13,90.45,77.49,Bueno,1,64.46
88.93,85.58,34.01,34.2,36.02,70.55,47.43,76.19,90.05,97.32,33.05,22.81,Regular,2,59.68
90.32,78.93,83.87,37.01,89.95,82.32,88.99,55.32,82.11,76.8,94.05,84.78,Sobresaliente,0,78.71
17.81,32.4,84.1,18.48,21.39,22.11,39.68,34.66,32.43,80.27,25.29,34.82,Insuficiente,3,36.95
96.54,84.55,84.45,82.67,85.74,32.7,84.33,76.32,82.01,100.0,84.44,83.09,Sobresaliente,0,81.4
81.19,100.0,86.11,78.97,85.81,76.68,78.91,27.45,80.57,81.39,35.18,44.51,Sobresaliente,0,71.4
71.86,87.91,83.71,28.44,23.38,30.51,26.37,77.1,87.45,42.52,31.97,34.84,Regular,2,52.17
29.29,26.1,29.23,82.75,94.35,24.64,41.59,90.84,44.16,18.3,16.26,31.29,Insuficiente,3,44.07
25.71,78.74,76.12,31.21,19.71,25.5,18.26,27.48,92.03,82.57,93.04,36.81,Insuficiente,3,50.6
87.25,84.24,41.5,19.87,89.85,41.84,30.75,74.68,83.88,34.97,15.57,15.12,Regular,2,51.63
94.19,91.22,77.07,87.56,100.0,97.48,84.55,92.18,12.29,22.14,44.45,86.97,Bueno,1,74.17
74.55,88.27,16.36,21.02,96.48,40.38,36.83,86.69,79.6,33.0,25.61,42.66,Regular,2,53.45
88.56,82.84,78.65,16.91,89.06,18.0,13.18,78.26,70.04,45.25,30.43,26.32,Regular,2,53.13
78.84,31.0,77.47,93.04,68.18,24.63,100.0,33.81,75.92,84.86,95.32,83.72,Sobresaliente,0,70.56
39.88,34.46,48.74,33.45,47.62,89.4,55.98,30.78,29.78,43.66,25.53,26.06,Insuficiente,3,42.11
85.34,73.05,75.53,90.22,92.2,78.68,82.38,86.62,70.53,31.3,97.47,100.0,Bueno,1,80.28
83.59,96.66,88.87,78.36,85.02,91.91,54.01,77.81,91.08,87.02,93.84,96.12,Bueno,1,85.36
76.48,26.11,78.93,29.49,27.9,14.97,24.31,39.91,44.2,28.93,25.09,43.31,Insuficiente,3,38.3
75.41,76.84,17.29,21.89,76.08,88.56,45.75,80.17,40.37,31.88,41.99,31.92,Regular,2,52.35
19.67,75.34,81.2,93.53,83.73,78.5,74.41,89.29,25.26,19.74,85.43,93.36,Bueno,1,68.29
22.94,23.16,81.89,85.15,42.24,33.9,39.93,26.49,33.53,95.8,41.96,38.3,Insuficiente,3,47.11
99.35,40.37,84.67,81.68,92.06,21.98,84.24,73.18,70.34,87.79,91.17,91.43,Sobresaliente,0,76.52
76.79,92.94,85.83,55.76,100.0,21.35,34.8,70.71,46.48,40.59,26.31,36.75,Regular,2,57.36
25.29,88.02,82.64,34.98,80.56,90.33,92.09,84.65,99.66,24.7,82.74,98.32,Bueno,1,73.67
80.85,27.66,29.12,84.16,58.2,25.54,29.42,82.0,74.9,32.7,42.96,31.85,Regular,2,49.95
33.41,28.09,88.89,25.44,86.47,45.51,79.53,86.85,23.89,26.72,11.67,28.69,Insuficiente,3,47.1
93.11,88.26,87.48,34.35,83.93,86.76,81.79,85.78,78.4,97.27,100.0,81.88,Sobresaliente,0,83.25
33.12,40.91,20.49,11.1,23.9,28.75,37.98,40.59,42.2,45.31,37.38,31.34,Insuficiente,3,32.75
22.62,29.14,77.48,71.41,22.86,42.93,37.8,28.91,12.94,36.99,39.03,29.3,Insuficiente,3,37.62
80.15,30.86,96.99,83.7,83.65,81.67,100.0,97.42,89.12,23.36,32.04,15.42,Bueno,1,67.86
74.31,75.14,92.37,77.64,99.14,73.59,88.32,75.63,86.29,23.14,85.23,83.67,Bueno,1,77.87
83.67,80.09,78.19,87.99,80.95,89.08,27.07,85.95,72.57,9.08,92.04,82.77,Bueno,1,72.45
34.83,23.06,81.54,23.89,52.43,23.85,59.55,29.91,27.72,43.5,27.43,33.83,Insuficiente,3,38.46
76.44,86.46,76.52,94.08,100.0,32.77,83.25,30.36,85.97,85.82,97.38,74.45,Sobresaliente,0,76.96
87.08,68.62,100.0,21.68,81.75,90.68,38.54,46.31,98.19,40.57,39.76,15.77,Regular,2,60.74
29.99,91.48,13.49,28.41,72.34,43.66,53.08,85.66,88.14,28.61,30.03,31.73,Regular,2,49.72
92.75,81.55,90.79,89.62,82.4,87.25,76.06,84.03,93.31,23.97,90.27,85.33,Bueno,1,81.44
26.86,22.44,93.27,34.64,17.77,41.2,7.19,55.25,15.95,35.7,39.05,73.92,Insuficiente,3,38.6
86.53,88.21,80.93,79.07,90.98,27.78,80.05,97.42,63.34,79.46,90.5,39.96,Sobresaliente,0,75.35
24.78,88.03,95.67,22.36,71.17,18.87,80.18,100.0,84.94,85.22,9.7,44.63,Regular,2,60.46
75.34,82.26,78.62,31.65,25.54,25.3,36.1,73.06,88.37,24.61,32.56,32.39,Regular,2,50.48
93.34,90.42,83.74,25.23,71.53,25.41,27.87,92.04,14.42,18.36,34.8,29.41,Regular,2,50.55
41.45,19.35,80.62,16.2,34.66,32.4,26.14,23.75,15.39,22.06,87.96,26.62,Insuficiente,3,35.55
85.82,83.29,77.1,72.22,77.46,96.62,100.0,90.2,94.49,27.0,84.38,87.26,Sobresaliente,0,81.32
89.83,69.51,85.95,78.32,85.96,35.6,28.52,81.94,75.53,43.03,36.89,88.64,Regular,2,66.64
97.19,47.77,67.29,96.61,83.41,93.99,84.65,81.99,81.38,96.79,96.48,67.9,Sobresaliente,0,82.96
79.65,25.0,94.57,17.4,43.65,23.43,28.06,46.48,27.36,14.09,20.35,26.04,Insuficiente,3,37.17
85.44,81.29,95.62,31.27,74.9,82.68,29.38,76.64,25.98,33.19,35.63,36.41,Regular,2,57.37
84.05,78.5,92.4,46.1,80.25,94.3,82.61,82.53,85.99,78.98,81.47,83.72,Sobresaliente,0,80.91
83.31,87.23,92.06,88.33,88.09,78.91,74.69,85.49,79.32,74.54,74.87,81.08,Sobresaliente,0,82.33
87.26,84.2,93.23,100.0,91.74,84.72,83.62,37.97,77.75,76.97,81.84,81.58,Sobresaliente,0,81.74
91.06,76.9,100.0,75.93,84.67,73.73,95.83,88.86,92.4,25.32,84.76,86.7,Bueno,1,81.35
81.85,75.1,69.8,84.66,82.74,97.09,41.58,88.56,95.97,68.99,90.38,13.27,Regular,2,74.17
79.82,86.31,71.63,81.94,92.87,74.99,93.58,87.7,76.65,23.5,81.33,38.53,Sobresaliente,0,74.07
77.99,24.62,81.29,93.36,94.79,73.97,80.96,82.45,75.55,33.77,85.71,27.47,Bueno,1,69.33
89.83,85.77,67.19,40.74,87.97,24.8,51.09,78.51,94.76,25.21,27.66,22.43,Regular,2,58.0
37.98,42.26,80.91,20.75,26.0,22.65,36.85,29.14,30.29,34.35,25.5,41.09,Insuficiente,3,35.65
82.03,75.93,80.86,26.61,39.26,27.06,90.08,85.07,79.96,35.27,92.55,39.75,Regular,2,62.87
98.98,72.62,81.21,31.73,94.42,77.9,89.79,82.22,100.0,19.71,83.55,81.95,Bueno,1,76.17
95.53,93.6,74.84,92.61,81.26,35.2,33.77,84.01,89.5,58.22,27.15,30.76,Regular,2,66.37
89.71,71.02,89.84,89.87,19.39,86.5,86.89,80.89,80.1,42.32,82.59,74.18,Bueno,1,74.44
87.72,93.26,87.74,93.42,86.07,94.84,94.96,84.2,96.51,86.32,85.7,6.22,Sobresaliente,0,83.08
84.67,74.59,83.41,27.62,78.63,85.34,24.63,42.35,42.51,30.16,42.44,33.37,Regular,2,54.14
26.91,24.53,100.0,35.9,86.11,22.59,31.91,75.92,86.74,88.03,34.72,19.11,Regular,2,52.71
25.42,43.38,88.14,26.41,41.84,92.56,29.64,28.76,24.13,80.78,30.47,15.88,Insuficiente,3,43.95
89.49,83.61,83.08,93.83,91.22,76.68,82.49,15.95,73.53,32.39,84.15,86.03,Bueno,1,74.37
79.0,73.44,75.29,91.42,88.29,75.31,75.96,80.13,89.05,31.52,83.29,67.41,Bueno,1,75.84
77.38,86.51,86.31,81.24,37.54,93.23,94.04,31.98,86.52,25.96,76.17,18.68,Bueno,1,66.3
74.4,98.78,96.68,29.94,91.17,88.03,64.09,87.0,84.51,85.67,76.39,82.85,Sobresaliente,0,79.96
32.16,32.23,79.74,28.72,8.06,14.57,17.81,32.86,42.13,28.38,27.36,41.2,Insuficiente,3,32.1
89.17,95.6,73.81,18.85,81.56,27.75,24.5,80.59,95.08,20.25,34.3,33.34,Regular,2,56.23
34.64,43.62,80.78,41.9,74.2,21.23,19.97,47.11,24.15,37.76,9.66,31.15,Insuficiente,3,38.85
100.0,100.0,74.72,84.64,77.33,83.76,80.64,84.33,31.66,92.29,86.92,84.89,Bueno,1,81.77
70.58,85.55,83.04,96.02,100.0,83.06,92.72,92.88,29.94,14.64,97.38,41.69,Bueno,1,73.96
92.19,88.61,72.09,40.26,31.38,18.12,30.28,79.24,87.02,42.46,42.09,15.51,Regular,2,53.27
82.23,76.13,84.47,91.99,81.86,83.18,83.23,85.88,72.26,50.16,78.16,92.08,Sobresaliente,0,80.13
80.14,87.79,93.14,100.0,94.56,93.18,94.15,95.68,81.99,24.08,28.94,83.97,Bueno,1,79.8
92.67,79.7,81.94,88.49,85.49,85.4,82.71,70.53,83.2,67.26,87.97,79.19,Sobresaliente,0,82.05
89.54,93.5,87.3,28.01,92.57,75.86,33.92,70.99,69.32,25.11,38.46,26.12,Regular,2,60.89
57.63,26.07,86.69,92.67,22.74,79.23,35.01,22.19,35.62,43.11,19.87,8.27,Insuficiente,3,44.09
94.18,74.67,88.73,89.88,89.47,88.73,97.15,88.9,91.86,89.51,99.34,69.8,Sobresaliente,0,88.52
86.19,77.56,86.34,28.66,79.86,21.78,48.73,91.53,87.44,33.96,24.77,40.72,Regular,2,58.96
76.48,81.34,73.89,97.95,95.37,91.02,75.41,86.38,83.12,85.65,83.5,89.16,Sobresaliente,0,84.94
85.7,83.51,89.48,86.27,90.28,81.63,85.39,79.64,79.69,83.87,83.86,75.62,Sobresaliente,0,83.74
40.38,26.77,90.62,0.0,22.85,25.53,32.71,43.4,28.13,19.81,38.39,45.53,Insuficiente,3,34.51
81.38,92.05,79.76,12.86,89.13,40.03,37.96,75.06,91.87,33.91,24.62,26.9,Regular,2,57.13
83.24,44.32,92.78,43.18,89.07,42.15,20.16,32.02,19.49,36.75,35.88,80.21,Insuficiente,3,51.6
100.0,85.11,83.11,24.46,84.73,86.95,75.95,69.16,87.36,29.88,87.07,26.65,Bueno,1,70.04
92.18,88.65,93.24,80.6,77.39,92.44,76.48,67.72,93.2,79.21,82.55,73.82,Sobresaliente,0,83.12
79.32,95.18,85.92,78.32,82.62,28.07,27.99,95.3,90.12,38.44,30.78,30.92,Regular,2,63.58
84.51,83.84,72.49,28.34,80.08,28.07,34.58,81.06,87.79,13.05,30.36,33.62,Regular,2,54.81
77.42,84.51,30.46,100.0,78.19,84.03,83.69,88.5,27.5,81.08,18.49,71.87,Sobresaliente,0,68.81
91.1,75.41,85.6,89.61,83.49,90.46,84.47,90.34,36.47,79.59,86.63,81.29,Sobresaliente,0,81.2
79.52,89.35,81.94,88.38,77.67,86.95,93.2,87.17,32.77,34.86,85.04,77.36,Bueno,1,76.18
76.68,19.55,85.19,38.9,72.5,8.08,17.23,14.56,83.75,32.01,49.65,37.83,Insuficiente,3,44.66
77.31,73.88,82.16,96.13,62.44,89.21,29.69,93.32,76.38,82.72,72.95,77.18,Sobresaliente,0,76.11
85.69,28.93,83.8,0.0,38.7,34.18,37.91,20.65,36.48,34.44,8.31,12.83,Insuficiente,3,35.16
74.17,32.07,96.83,92.68,77.46,78.16,30.56,87.34,83.36,86.72,87.37,82.61,Sobresaliente,0,75.78
94.44,85.24,39.87,87.67,24.05,79.91,72.73,71.1,87.14,31.36,100.0,84.56,Bueno,1,71.51
91.73,86.84,92.08,34.27,30.73,36.81,18.72,80.25,79.09,35.18,36.8,41.5,Regular,2,55.33
29.82,25.74,88.8,38.5,25.13,27.71,45.62,73.06,80.77,35.65,18.38,71.99,Regular,2,46.76
47.23,17.52,84.02,29.14,34.39,18.69,82.6,31.56,43.68,50.47,33.07,26.61,Insuficiente,3,41.58
82.06,82.19,67.02,83.97,81.51,67.71,87.31,89.73,34.06,82.02,33.42,91.1,Sobresaliente,0,73.51
91.32,81.1,77.62,86.43,91.17,79.93,87.65,84.25,100.0,79.33,96.07,84.58,Sobresaliente,0,86.62
90.16,86.82,76.68,68.1,82.93,86.31,82.92,81.57,79.47,90.73,84.58,85.99,Sobresaliente,0,83.02
22.32,15.68,22.94,21.84,24.09,15.24,21.93,30.66,34.08,73.98,30.02,20.36,Insuficiente,3,27.76
85.62,75.66,88.66,40.92,89.83,18.75,41.12,68.8,68.7,16.93,29.92,12.33,Regular,2,53.1
95.85,84.05,82.21,26.44,84.94,24.45,17.66,87.47,91.78,27.25,31.16,21.69,Regular,2,56.25
43.2,27.25,100.0,16.49,13.38,23.95,80.94,34.53,66.68,23.28,13.53,25.68,Insuficiente,3,39.08
32.23,81.24,92.37,33.05,26.66,38.95,24.7,36.5,21.03,32.7,30.91,34.53,Insuficiente,3,40.41
18.46,70.57,84.58,80.01,88.51,76.56,81.27,76.93,76.22,31.5,81.01,88.28,Bueno,1,71.16
32.98,75.66,29.01,75.61,26.72,81.36,75.37,11.57,88.94,34.6,31.67,99.87,Bueno,1,55.28
12.68,81.99,80.41,78.32,84.53,30.99,76.54,97.19,91.75,81.38,91.26,73.27,Sobresaliente,0,73.36
92.07,85.48,94.24,85.66,77.83,93.97,86.87,86.34,86.04,32.1,91.94,87.24,Bueno,1,83.32
28.14,88.81,96.1,88.04,90.95,37.19,39.25,85.14,64.86,32.9,92.65,85.79,Regular,2,69.15
84.15,23.39,81.71,13.91,36.64,89.52,44.07,38.6,27.07,18.48,30.3,30.24,Insuficiente,3,43.17
93.47,81.58,24.35,29.41,80.82,83.36,98.32,96.52,89.65,86.77,13.72,89.08,Bueno,1,72.25
90.13,92.17,81.03,92.39,94.39,94.09,39.9,83.83,83.61,91.6,34.02,86.68,Sobresaliente,0,80.32
81.74,82.03,79.7,92.8,35.36,83.13,82.37,89.45,87.58,78.34,98.73,87.06,Sobresaliente,0,81.52
23.85,11.9,33.63,49.84,38.29,41.55,77.25,32.33,15.01,49.79,35.7,8.95,Insuficiente,3,34.84
78.76,98.27,34.07,82.67,96.72,93.7,89.27,26.72,15.44,88.14,89.38,83.63,Sobresaliente,0,73.06
27.17,38.16,82.02,40.24,85.72,28.35,34.84,37.45,90.81,25.61,22.33,90.47,Regular,2,50.27
24.04,90.49,95.35,73.78,87.92,82.53,82.43,32.06,76.4,45.5,89.93,91.42,Bueno,1,72.65
34.6,87.41,77.49,96.94,80.4,0.38,11.55,65.85,77.57,21.64,53.13,41.41,Regular,2,54.03
85.37,89.45,89.82,74.8,93.65,76.62,85.79,35.28,84.83,20.34,81.49,89.01,Bueno,1,75.54
80.15,79.8,32.75,27.95,88.35,14.74,10.61,84.74,69.43,16.26,27.52,34.97,Regular,2,47.27
85.82,100.0,90.42,90.5,72.49,84.34,75.06,90.71,82.7,84.83,83.82,79.86,Bueno,1,85.05
28.84,36.82,86.05,31.92,27.59,29.87,48.32,38.85,21.12,29.67,25.13,26.7,Insuficiente,3,35.91
41.12,36.07,84.8,35.11,40.48,34.01,71.97,34.34,19.59,22.25,83.07,86.43,Insuficiente,3,49.1
19.69,85.93,88.09,88.28,75.55,84.29,71.28,92.51,77.05,42.17,81.62,33.45,Bueno,1,69.99
93.03,92.94,87.58,85.22,82.98,89.41,92.36,85.48,88.6,82.41,73.71,76.99,Sobresaliente,0,85.89
85.02,86.15,90.06,40.13,86.59,83.39,31.67,37.01,81.84,26.97,90.16,18.92,Regular,2,63.16
92.89,80.55,99.68,24.35,100.0,35.62,78.58,82.12,32.05,38.59,39.86,43.43,Regular,2,62.31
9.81,26.07,81.34,31.07,15.13,21.97,66.8,31.27,82.58,99.6,41.19,34.64,Insuficiente,3,45.12
64.22,21.65,76.9,83.9,89.93,83.83,79.4,86.23,77.31,22.09,79.87,100.0,Sobresaliente,0,72.11
25.43,50.07,83.78,93.61,80.97,39.63,45.96,35.28,16.12,26.73,30.71,35.61,Insuficiente,3,46.99
78.05,51.87,85.05,27.74,28.67,20.38,16.8,37.92,27.72,26.25,28.51,36.8,Insuficiente,3,38.82
99.07,89.1,84.3,78.17,19.22,29.88,85.88,87.08,68.62,85.17,90.22,86.35,Sobresaliente,0,75.25
96.08,23.65,32.82,18.96,39.07,27.88,35.7,38.7,10.53,27.77,45.07,30.14,Insuficiente,3,35.53
72.98,78.47,87.57,89.23,77.62,82.34,83.93,83.7,90.4,85.74,30.41,73.68,Bueno,1,78.01
95.15,81.77,82.55,87.55,82.59,80.94,98.22,83.39,19.92,27.66,99.69,36.3,Bueno,1,72.98
100.0,87.89,78.47,90.88,75.55,94.03,94.65,80.42,79.98,86.41,85.11,77.18,Sobresaliente,0,85.88
19.85,81.36,97.12,75.03,91.89,32.59,91.99,100.0,96.88,21.39,71.49,91.54,Sobresaliente,0,72.59
72.92,77.68,87.69,79.73,72.82,93.31,88.95,88.95,81.2,93.23,23.67,93.77,Sobresaliente,0,79.49
81.3,100.0,95.69,45.73,78.3,95.21,34.79,86.03,82.74,24.96,25.82,40.96,Regular,2,65.96
36.03,27.04,83.38,26.01,34.74,91.87,26.24,38.95,28.75,25.47,29.6,22.08,Insuficiente,3,39.18
79.52,80.99,95.31,77.23,70.59,88.25,75.87,81.48,92.29,16.76,92.03,79.55,Bueno,1,77.49
76.64,85.61,67.28,81.38,19.08,89.32,92.01,78.16,97.87,80.26,68.55,65.96,Bueno,1,75.18
31.78,23.12,76.58,27.66,32.29,37.47,37.49,40.07,31.82,24.26,13.76,26.25,Insuficiente,3,33.54
92.14,24.51,80.17,83.33,100.0,73.86,27.67,80.11,87.49,90.1,40.63,7.33,Regular,2,65.61
94.72,96.47,67.27,28.18,84.21,14.27,0.0,79.58,94.81,26.39,19.9,34.22,Regular,2,53.33
72.28,81.34,85.97,14.36,83.34,82.39,96.69,79.52,93.12,27.05,74.34,86.95,Bueno,1,73.11
11.78,81.79,87.31,44.64,28.62,35.0,12.45,17.51,28.12,16.34,41.13,25.8,Insuficiente,3,35.87
76.41,100.0,82.67,35.44,86.86,43.17,33.4,85.9,82.26,28.4,33.18,27.45,Regular,2,59.59
76.15,82.84,83.18,86.33,87.17,83.29,94.1,67.88,85.0,55.09,86.06,86.77,Sobresaliente,0,81.15
77.17,78.8,78.15,86.38,13.12,93.6,80.97,85.64,72.04,22.27,78.03,14.47,Bueno,1,65.05
88.61,69.78,69.49,83.08,86.89,81.11,66.74,85.08,74.38,20.11,84.1,86.99,Bueno,1,74.7
96.49,89.75,20.7,84.52,92.6,88.96,88.06,78.14,79.9,20.82,92.36,78.37,Bueno,1,75.89
28.07,86.1,78.28,81.86,35.13,85.34,88.52,79.06,77.01,38.41,84.21,84.75,Bueno,1,70.56
27.27,14.43,90.59,19.26,98.87,35.37,14.67,79.81,74.12,27.05,19.84,25.53,Regular,2,43.9
89.88,89.52,82.8,92.16,83.18,89.93,77.4,85.82,88.33,41.16,81.69,80.75,Bueno,1,81.88
15.63,28.73,91.74,33.48,42.89,38.56,26.78,24.82,24.58,33.48,85.95,24.87,Insuficiente,3,39.29
20.38,33.54,91.73,41.26,16.31,20.88,81.33,87.97,41.47,9.77,21.75,15.26,Insuficiente,3,40.14
89.99,80.68,85.57,71.5,96.34,88.88,84.0,87.46,86.77,35.52,85.88,72.68,Bueno,1,80.44
90.78,89.21,21.66,87.37,74.8,78.96,91.89,78.7,88.44,29.39,100.0,38.5,Bueno,1,72.48
31.34,12.18,84.76,23.1,89.2,25.16,25.02,33.92,24.79,25.61,16.11,20.65,Insuficiente,3,34.32
82.89,83.04,45.63,90.49,87.33,41.44,85.22,76.11,37.05,39.74,81.97,85.79,Bueno,1,69.73
93.06,33.26,90.79,55.6,90.89,48.63,38.13,89.6,72.27,27.7,36.38,31.8,Regular,2,59.01
78.83,90.02,89.33,84.84,79.22,90.32,71.2,82.1,82.82,27.61,86.07,79.51,Bueno,1,78.49
98.65,91.81,15.17,96.72,72.89,32.23,79.75,62.76,100.0,97.62,76.74,86.35,Sobresaliente,0,75.89
93.08,27.81,84.41,41.05,91.07,27.55,21.73,76.25,84.02,35.04,41.78,46.46,Regular,2,55.85
68.83,83.58,82.67,81.39,71.47,82.08,84.67,85.84,75.66,90.2,75.0,83.16,Sobresaliente,0,80.38
32.4,77.89,91.3,80.68,32.35,12.45,78.71,90.21,72.06,84.43,90.74,81.98,Sobresaliente,0,68.77
12.52,35.58,78.89,24.42,40.73,38.99,17.61,35.26,34.7,23.02,35.75,37.45,Insuficiente,3,34.58
99.96,74.62,88.69,42.3,89.14,82.94,36.3,86.79,74.72,89.3,21.97,23.83,Regular,2,67.55
41.09,34.76,20.36,20.78,35.35,52.18,28.09,44.85,47.98,17.84,24.07,44.3,Insuficiente,3,34.3
58.72,18.8,89.02,29.49,18.69,75.09,22.97,26.56,25.14,38.13,83.66,81.33,Insuficiente,3,47.3
85.68,86.4,80.75,84.74,97.87,71.38,87.07,77.74,86.5,91.72,84.54,91.18,Sobresaliente,0,85.47
42.47,38.42,94.02,20.25,6.91,23.84,28.4,33.11,24.9,29.24,31.58,14.6,Insuficiente,3,32.31
85.46,82.5,80.7,34.24,75.81,93.69,72.13,88.82,73.78,39.05,35.6,34.35,Regular,2,66.34
84.35,87.38,78.59,98.44,76.06,26.27,86.5,74.58,89.16,89.66,82.25,99.87,Bueno,1,81.09
60.04,87.49,70.59,86.33,77.98,85.83,95.92,71.34,86.53,84.37,19.53,35.42,Bueno,1,71.78
83.75,81.62,85.82,92.25,87.64,43.62,68.81,32.93,100.0,15.9,82.46,78.21,Bueno,1,71.08
29.13,79.83,85.27,35.05,25.98,37.21,25.05,39.5,37.23,57.83,19.11,78.16,Insuficiente,3,45.78
92.69,86.56,87.97,82.2,87.52,85.45,96.64,90.8,83.05,29.0,90.73,91.04,Bueno,1,83.64
92.67,77.75,84.69,71.22,90.21,76.35,70.55,84.53,93.85,72.8,76.3,79.05,Sobresaliente,0,80.83
90.55,80.96,81.63,73.04,37.67,31.41,24.9,34.45,92.14,31.81,81.31,33.82,Regular,2,57.81
15.82,94.52,98.8,79.37,71.19,94.38,93.87,91.57,94.25,78.06,83.65,73.93,Sobresaliente,0,80.78
90.38,70.34,90.33,35.99,77.62,32.45,42.75,80.16,83.26,25.97,47.69,84.23,Regular,2,63.43
11.98,37.54,100.0,33.58,26.72,30.08,25.36,41.55,35.12,50.08,26.35,44.62,Insuficiente,3,38.58
91.58,73.68,83.81,75.14,85.54,79.2,95.42,88.7,34.67,22.93,74.88,33.49,Bueno,1,69.92
23.55,73.02,79.81,28.89,87.5,97.7,36.32,72.73,78.95,77.64,75.26,88.48,Sobresaliente,0,68.32
88.49,86.16,86.41,50.75,91.54,76.98,79.91,87.65,80.02,81.99,77.35,31.78,Sobresaliente,0,76.59
100.0,96.09,77.68,96.17,94.23,90.97,87.8,86.65,77.77,80.61,90.62,85.88,Bueno,1,88.71
30.69,35.74,83.58,17.71,24.18,84.78,27.24,36.28,22.47,34.57,23.07,78.97,Insuficiente,3,41.61
76.29,90.05,86.75,34.07,99.08,27.36,32.78,23.33,78.26,13.53,36.4,39.19,Regular,2,53.09
21.36,34.46,86.87,29.27,15.34,44.46,43.79,24.29,49.43,30.51,22.21,87.68,Insuficiente,3,40.81
83.03,94.35,76.28,25.48,90.81,46.24,84.21,100.0,97.2,41.31,27.04,40.11,Regular,2,67.17
80.81,64.25,78.09,92.61,86.67,78.0,87.35,68.41,82.28,23.64,90.14,78.36,Bueno,1,75.89
82.12,79.59,39.11,87.28,90.12,94.46,94.7,32.19,95.9,90.29,72.75,83.95,Sobresaliente,0,78.54
92.2,96.71,77.24,39.76,39.12,15.57,77.26,35.72,39.56,21.8,38.84,33.68,Insuficiente,3,50.62
76.57,87.7,96.26,73.37,83.33,79.94,70.91,90.88,84.81,85.57,36.3,88.64,Sobresaliente,0,79.52
83.45,88.47,90.46,82.27,71.48,87.94,17.93,82.36,80.16,9.98,66.52,14.9,Sobresaliente,0,64.66
82.19,82.59,67.01,37.49,85.77,23.2,29.08,100.0,88.26,29.98,23.3,23.16,Regular,2,56.0
7.26,35.05,86.88,32.75,27.57,34.81,30.83,27.08,34.9,62.55,7.26,30.22,Insuficiente,3,34.76
94.12,85.0,16.86,60.98,80.41,43.17,70.71,80.71,87.3,89.6,98.05,70.9,Bueno,1,73.15
96.0,30.53,88.05,41.35,90.68,23.17,25.99,91.98,88.16,42.45,37.84,43.87,Regular,2,58.34
83.11,83.94,98.09,32.42,80.43,82.04,28.77,87.95,92.2,35.59,27.47,21.66,Regular,2,62.81
90.15,29.58,71.5,36.31,43.24,31.77,15.94,37.49,19.48,28.54,33.79,22.05,Insuficiente,3,38.32
86.08,19.23,95.76,94.23,79.8,100.0,76.97,87.51,94.46,22.45,93.01,84.48,Bueno,1,77.83
40.83,49.76,86.41,13.8,27.65,6.17,21.57,17.27,29.62,33.59,20.42,90.51,Insuficiente,3,36.47
85.91,83.46,82.4,86.47,24.07,31.67,34.45,26.62,78.81,44.46,25.63,32.7,Regular,2,53.05
100.0,91.24,90.55,31.41,81.6,100.0,18.04,84.12,100.0,36.15,87.6,36.52,Regular,2,71.44
85.93,75.79,93.9,93.5,12.67,81.21,89.12,33.92,81.89,82.29,74.6,73.45,Sobresaliente,0,73.19
48.17,22.75,23.31,84.93,17.28,25.43,86.44,90.91,82.57,75.23,34.45,16.28,Regular,2,50.65
88.45,56.09,93.61,75.39,35.64,86.91,88.64,100.0,89.93,78.01,91.45,78.23,Sobresaliente,0,80.2
80.54,41.1,89.83,33.53,80.03,24.86,32.94,85.93,100.0,25.66,91.67,14.82,Regular,2,58.41
69.22,76.97,71.61,98.11,74.69,85.91,80.71,23.82,22.45,90.3,83.53,92.53,Sobresaliente,0,72.49
20.89,26.86,96.88,47.13,88.4,32.98,39.89,27.6,19.37,21.36,31.14,23.37,Insuficiente,3,39.66
76.56,29.71,75.58,93.96,86.38,77.91,75.97,82.37,84.58,24.92,89.19,73.75,Bueno,1,72.57
84.25,89.23,88.66,33.78,91.99,47.99,25.57,69.58,82.39,33.14,40.88,44.21,Regular,2,60.97
38.42,29.94,64.51,34.02,25.28,44.58,24.96,34.36,23.61,27.67,27.48,23.32,Insuficiente,3,33.18
29.01,41.1,100.0,34.16,29.66,27.02,30.07,37.5,31.32,32.92,29.65,88.8,Insuficiente,3,42.6
29.63,80.32,79.63,80.27,82.24,30.94,41.88,39.13,89.29,22.35,81.81,93.64,Bueno,1,62.59
89.0,33.27,98.95,38.79,37.95,31.06,37.48,19.67,11.96,24.27,27.71,55.07,Insuficiente,3,42.1
33.62,85.93,96.7,22.52,76.79,82.81,30.9,80.91,48.12,43.25,70.59,23.66,Bueno,1,57.98
86.36,95.27,77.99,45.51,79.44,13.1,34.37,84.98,90.03,30.74,28.85,35.28,Regular,2,58.49
94.67,78.76,44.55,92.28,75.07,22.84,74.43,85.94,98.06,78.98,86.81,77.82,Sobresaliente,0,75.85
79.35,88.62,81.6,35.67,85.19,19.06,8.25,89.78,89.42,33.37,44.85,82.6,Regular,2,61.48
51.89,36.57,88.34,25.58,81.48,34.55,11.47,39.76,18.93,27.71,3.88,34.57,Insuficiente,3,37.89
30.27,93.17,74.58,77.74,100.0,25.85,42.93,83.23,80.61,75.21,20.0,33.09,Regular,2,61.39
87.73,87.56,93.27,17.84,78.29,83.72,91.34,88.49,81.45,29.17,91.68,92.21,Bueno,1,76.9
94.37,79.59,23.79,38.47,86.17,10.71,32.68,72.63,90.7,28.64,14.63,25.03,Regular,2,49.78
96.2,73.13,91.97,83.06,83.93,85.07,87.77,15.8,70.17,85.35,24.45,94.33,Bueno,1,74.27
91.64,91.52,80.07,88.81,81.86,85.7,86.04,89.74,79.92,17.48,86.53,85.51,Bueno,1,80.4
80.83,76.99,82.34,83.22,80.0,73.34,82.5,36.23,81.04,14.93,68.43,83.34,Bueno,1,70.27
85.74,87.48,15.74,26.49,38.28,21.52,25.78,78.85,43.43,25.59,22.82,92.45,Insuficiente,3,47.02
35.07,25.16,85.22,30.18,82.0,83.58,8.69,51.97,97.18,26.58,10.29,26.75,Insuficiente,3,46.89
84.69,70.06,90.88,92.99,94.24,94.17,24.14,16.87,81.15,84.49,19.97,19.43,Bueno,1,64.42
77.5,87.22,92.06,78.3,83.29,94.1,80.93,86.54,76.63,78.31,80.81,15.56,Sobresaliente,0,77.6
95.49,90.89,86.02,46.19,94.14,23.2,25.11,91.25,90.0,37.49,36.32,17.33,Regular,2,61.12
100.0,8.0,92.1,84.28,84.89,73.4,81.32,90.95,84.34,85.65,82.67,31.58,Sobresaliente,0,74.93
94.43,91.79,95.67,90.28,88.54,41.08,26.61,90.05,19.09,38.06,76.01,16.75,Regular,2,64.03
86.96,7.1,80.55,24.32,44.93,30.29,22.51,35.72,27.44,81.97,20.86,36.52,Insuficiente,3,41.6
78.42,100.0,85.93,82.97,83.16,89.81,85.41,83.58,27.22,79.22,22.85,91.34,Sobresaliente,0,75.83
77.56,84.77,90.56,74.25,81.34,69.79,25.22,70.27,83.12,74.86,87.17,86.25,Sobresaliente,0,75.43
25.92,47.73,87.14,31.35,23.2,24.39,26.33,97.66,22.27,31.92,30.59,34.89,Insuficiente,3,40.28
88.41,98.39,69.73,94.37,80.45,100.0,88.49,83.5,93.84,89.21,80.26,41.23,Sobresaliente,0,83.99
96.07,95.88,76.44,100.0,77.98,83.37,76.71,31.8,74.94,22.69,24.82,87.16,Bueno,1,70.66
86.37,94.72,100.0,28.71,87.64,37.61,80.23,82.15,80.32,27.08,25.55,14.43,Regular,2,62.07
96.85,85.95,97.68,87.66,77.74,84.45,95.11,23.13,85.01,85.4,16.62,80.24,Sobresaliente,0,76.32
31.58,35.14,93.28,39.5,93.59,23.1,39.4,30.39,30.82,43.46,40.45,22.26,Insuficiente,3,43.58
38.53,39.01,80.17,40.47,32.22,17.71,26.24,26.82,34.88,37.05,19.06,37.45,Insuficiente,3,35.8
100.0,80.85,83.97,92.14,92.66,90.0,72.06,89.01,75.53,78.4,89.38,82.63,Sobresaliente,0,85.55
83.74,33.17,38.13,80.99,38.68,87.61,94.68,32.54,31.54,82.76,85.12,85.88,Sobresaliente,0,64.57
76.33,84.71,24.73,78.75,29.66,89.1,73.48,76.51,94.21,21.11,88.87,80.75,Bueno,1,68.18
23.95,13.8,84.62,32.02,31.26,34.93,33.43,31.97,36.16,28.29,5.39,38.37,Insuficiente,3,32.85
98.42,88.53,96.16,82.45,68.61,26.62,85.74,31.62,85.44,90.16,89.27,22.09,Bueno,1,72.09
78.4,91.72,88.29,33.87,93.03,56.93,31.85,100.0,25.67,19.7,30.88,30.94,Regular,2,56.77
92.47,84.53,85.14,85.11,90.66,81.23,93.98,43.38,31.08,85.33,89.16,93.12,Sobresaliente,0,79.6
29.68,95.08,84.22,74.6,82.13,92.45,25.74,81.58,88.25,90.71,79.84,87.84,Sobresaliente,0,76.01
82.51,81.69,79.23,20.61,93.6,86.13,83.66,92.38,78.89,25.67,17.73,77.47,Bueno,1,68.3
25.37,95.65,17.34,81.94,75.75,94.03,86.74,80.99,71.5,27.26,92.6,82.32,Bueno,1,69.29
